{"V": 1, "E": 1, "A": [[0]], "G": [[0, 0]], "target": [[-0.9351794451693574], [29.328624728455495], [10.021997739947462], [2.946519334346424], [4.952690381155708], [4.953867410595981], [10.690681626794623], [20.73201988895736], [3.0447247948471006], [8.490871318990047], [13.395612596877198], [31.47972395913062], [17.70066375824426], [2.521660938102028], [3.7600344934182717], [3.6913606351831243], [-0.08304519665797994], [0.556416723360924], [-0.8979515783954878], [0.18310999420572127], [3.488164900225161], [5.786344863797778], [0.1632776839591621], [-0.8868474413401846], [-0.6856156869901338], [13.836052123503233], [3.013059355473631], [0.3049506919673228], [2.702336631036569], [11.499731066585992], [3.3074865550789965], [4.2659177809485485], [10.219043536169886], [29.127533300588034], [30.99395968400594], [15.678839394855789], [-0.09014669686889887], [8.140215064936893], [7.078841336026047], [-0.8387777246491275], [6.726274288820632], [-0.09413557816711951], [12.367175349231712], [24.94072719736923], [0.9943093596891561], [5.891794978243299], [-0.22050659147102225], [0.44163297095552256], [1.1523906064983147], [3.628760530721742], [31.442664818569078], [13.072463516288117], [28.105910794888036], [23.48541067312471], [2.916440161342794], [26.235271718096328], [8.703692127787336], [3.162299242668542], [11.586367653376687], [-0.4424440496076496], [-0.987179623122409], [0.6551071625514053], [17.381585175380078], [-0.8129725247928583], [0.4176590983384427], [1.0362172148705768], [5.712025720492741], [15.176241132766542], [9.591728352925152], [33.44362763523396], [12.856616826872166], [3.051537686025271], [14.561280007864486], [16.26081985337312], [8.416142947321475], [9.824571662235048], [12.784167032830233], [9.624688906315042], [-0.8274904294641949], [7.0730391335134275], [20.446478305771137], [3.986205344469614], [-0.522491703073491], [10.319298366226194], [-0.2075852952866133], [-0.44024646970465664], [9.864023279862366], [4.643355219668291], [22.737625652874584], [-0.47850045838540595], [6.862738691090963], [8.812229672237939], [12.016585130549705], [1.601033445587033], [12.761664860343966], [-0.120238610264829], [0.506334740810967], [-0.9241492307774033], [13.031083060915623], [7.532741842400799], [12.584444516354385], [4.58898825539098], [-0.2665102022601489], [0.1787594979981278], [24.76237254537672], [1.2712832194915213], [-0.989219490923619], [11.641661211925818], [1.9310068139033891], [9.43419786542147], [0.21547421346251028], [4.701527366063468], [27.057960289723336], [15.656224421580376], [4.447731355317705], [21.227508810015117], [15.295114566804463], [3.5552339763910226], [23.261436699344998], [0.9416260382079723], [15.60074800401153], [23.610657785978127], [-0.32765698833102475], [7.406988647010405], [1.9606308289468029], [-0.926516779579421], [16.473634452923665], [20.227267034773035], [14.448662769397014], [0.22649650282069073], [-0.9696856969353208], [2.1645631095517626], [6.847541241909246], [-0.6108133161001281], [28.475094660237932], [-0.41022103497912576], [0.4111211814175488], [8.182048944991745], [-0.8677194176911742], [31.693475012071957], [30.634695958769814], [1.1968487830799868], [-0.05427281016986637], [-0.01748905352196939], [0.3261711735226065], [12.185108900150986], [3.391721007643775], [0.054298181123308156], [11.146706083026682], [0.47266806422760244], [24.833421083746746], [1.5740386926356518], [5.507862628535342], [-0.19982036787248406], [33.29864543999528], [1.4946537257305845], [6.40577561618972], [12.076874619048965], [1.6361567120819949], [9.772597149610174], [-0.8962073462614746], [4.396599892777283], [4.453612580806715], [0.8434764835600479], [8.592042653295131], [17.948826266621857], [-0.37242018941176047], [3.5574346401897134], [11.904249892499989], [2.6440115759069327], [6.704197496491351], [13.700489292625491], [0.25648537188860093], [2.0103716024164484], [5.0109697157156035], [4.091050835995956], [7.464476745217909], [-0.9824048962233334], [27.807908080933515], [5.889525476201079], [-0.6526825021468632], [7.209742303026716], [26.53033930622502], [21.785285828617297], [1.0180581136219446], [5.759170419230211], [16.40743643407435], [1.4087291921131808], [0.6809272468046972], [1.5010697893435356], [8.41859111283998], [23.722350995710116], [24.041823193512222], [4.433628938292117], [-0.6282633620434903], [-0.7420332688973139], [9.624710458775862], [23.71186105501188], [22.725318470337783], [13.430543034062765]],